{"cameraMode":{"drawMode":0,"name":"Shaded","section":"Shading Mode"},"sceneLighting":true,"audioPlay":false,"sceneViewState":{"showFog":true,"showMaterialUpdate":false,"showSkybox":true,"showFlares":true,"showImageEffects":true,"showParticleSystems":true},"in2DMode":false,"pivot":{"x":8.965476036071778,"y":-17.156160354614259,"z":93.03565979003906},"rotation":{"x":0.15706992149353028,"y":-0.03407038003206253,"z":0.005421786569058895,"w":0.9869847297668457},"size":133.3512420654297,"orthographic":false}