{"cameraMode":{"drawMode":0,"name":"Shaded","section":"Shading Mode"},"sceneLighting":true,"audioPlay":false,"sceneViewState":{"showFog":true,"showMaterialUpdate":false,"showSkybox":true,"showFlares":true,"showImageEffects":true,"showParticleSystems":true},"in2DMode":false,"pivot":{"x":2.515695095062256,"y":0.9518842697143555,"z":-1.5911881923675538},"rotation":{"x":-0.06477641314268112,"y":0.00957813672721386,"z":-0.0006211597938090563,"w":-0.997853696346283},"size":10.06787395477295,"orthographic":false}