{"cameraMode":{"drawMode":0,"name":"Shaded","section":"Shading Mode"},"sceneLighting":true,"audioPlay":false,"sceneViewState":{"showFog":true,"showMaterialUpdate":false,"showSkybox":true,"showFlares":true,"showImageEffects":true,"showParticleSystems":true},"in2DMode":false,"pivot":{"x":3.7562224864959719,"y":0.8588578701019287,"z":3.397958755493164},"rotation":{"x":-0.18810957670211793,"y":0.027100127190351487,"z":-0.005192596931010485,"w":-0.9817603826522827},"size":8.920186996459961,"orthographic":false}