{"cameraMode":{"drawMode":0,"name":"Shaded","section":"Shading Mode"},"sceneLighting":true,"audioPlay":false,"sceneViewState":{"showFog":true,"showMaterialUpdate":false,"showSkybox":true,"showFlares":true,"showImageEffects":true,"showParticleSystems":true},"in2DMode":false,"pivot":{"x":2.6780076026916506,"y":10.982464790344239,"z":-26.785133361816408},"rotation":{"x":-0.07734252512454987,"y":0.08603038638830185,"z":-0.006698771845549345,"w":-0.9932633638381958},"size":10.0,"orthographic":false}