{"cameraMode":{"drawMode":0,"name":"Shaded","section":"Shading Mode"},"sceneLighting":true,"audioPlay":false,"sceneViewState":{"showFog":true,"showMaterialUpdate":false,"showSkybox":true,"showFlares":true,"showImageEffects":true,"showParticleSystems":true},"in2DMode":false,"pivot":{"x":2.9883158206939699,"y":1.8702754974365235,"z":-1.8374130725860596},"rotation":{"x":-0.07821746170520783,"y":-0.026317473500967027,"z":0.0020661598537117244,"w":-0.996586799621582},"size":39.96345138549805,"orthographic":false}