{"cameraMode":{"drawMode":0,"name":"Shaded","section":"Shading Mode"},"sceneLighting":true,"audioPlay":false,"sceneViewState":{"showFog":true,"showMaterialUpdate":false,"showSkybox":true,"showFlares":true,"showImageEffects":true,"showParticleSystems":true},"in2DMode":false,"pivot":{"x":30.779136657714845,"y":-176.45143127441407,"z":306.89410400390627},"rotation":{"x":-0.24671967327594758,"y":0.015115625225007534,"z":-0.003848153632134199,"w":-0.9689613580703735},"size":479.5959777832031,"orthographic":false}