{"cameraMode":{"drawMode":0,"name":"Shaded","section":"Shading Mode"},"sceneLighting":true,"audioPlay":false,"sceneViewState":{"showFog":true,"showMaterialUpdate":false,"showSkybox":true,"showFlares":true,"showImageEffects":true,"showParticleSystems":true},"in2DMode":false,"pivot":{"x":117.32737731933594,"y":-15.649681091308594,"z":35.90673065185547},"rotation":{"x":-0.29727834463119509,"y":-0.10172297060489655,"z":0.031871553510427478,"w":-0.9488215446472168},"size":79.22898864746094,"orthographic":false}